tabla,constraint_name,constraint_type,index_name
BENEF,INTEG_332,NOT NULL,
BENEF,PK_BENEF,PRIMARY KEY,PK_BENEF
COMD,INTEG_326,NOT NULL,
COMD,PK_COMD,PRIMARY KEY,PK_COMD
CONTROLREGMOV,INTEG_320,NOT NULL,
CONTROLREGMOV,INTEG_321,NOT NULL,
CONTROLREGMOV,INTEG_322,NOT NULL,
CONTROLREGMOV,INTEG_323,NOT NULL,
CTAS,INTEG_324,NOT NULL,
CTAS,INTEG_325,NOT NULL,
CTAS,PK_CTAS,PRIMARY KEY,PK_CTAS
CTECONC,INTEG_333,NOT NULL,
CTECONC,INTEG_334,NOT NULL,
CTECONC,INTEG_335,NOT NULL,
CTECONC,INTEG_336,NOT NULL,
CTECONC,INTEG_337,NOT NULL,
CTECONC,INTEG_338,NOT NULL,
CTECONC,INTEG_339,NOT NULL,
CTECONC,INTEG_340,NOT NULL,
CTECONC,PK_CTECONC,PRIMARY KEY,PK_CTECONC
FORMPAGO,INTEG_331,NOT NULL,
FORMPAGO,PK_FORMPAGO,PRIMARY KEY,PK_FORMPAGO
HISTOR,INTEG_328,NOT NULL,
HISTOR,INTEG_329,NOT NULL,
HISTOR,INTEG_330,NOT NULL,
MONEDA,INTEG_327,NOT NULL,
MONEDA,PK_MONEDA,PRIMARY KEY,PK_MONEDA
MOVAUX,INTEG_343,NOT NULL,
MOVAUX,INTEG_344,NOT NULL,
MOVAUX2,INTEG_345,NOT NULL,
MOVAUX2,INTEG_346,NOT NULL,
MOVAUX2,INTEG_347,NOT NULL,
MOVS01,INTEG_349,NOT NULL,
MOVS01,INTEG_350,NOT NULL,
MOVS01,INTEG_351,NOT NULL,
MOVS01,INTEG_352,NOT NULL,
MOVS01,INTEG_353,NOT NULL,
MOVS01,INTEG_354,NOT NULL,
MOVS01,INTEG_355,NOT NULL,
MOVS01,INTEG_356,NOT NULL,
MOVS01,INTEG_357,NOT NULL,
MOVS01,PK_MOVS01,PRIMARY KEY,PK_MOVS01
MOVS02,INTEG_365,NOT NULL,
MOVS02,INTEG_366,NOT NULL,
MOVS02,INTEG_367,NOT NULL,
MOVS02,INTEG_368,NOT NULL,
MOVS02,INTEG_369,NOT NULL,
MOVS02,INTEG_370,NOT NULL,
MOVS02,INTEG_371,NOT NULL,
MOVS02,INTEG_372,NOT NULL,
MOVS02,INTEG_373,NOT NULL,
MOVS02,PK_MOVS02,PRIMARY KEY,PK_MOVS02
MOVS03,INTEG_381,NOT NULL,
MOVS03,INTEG_382,NOT NULL,
MOVS03,INTEG_383,NOT NULL,
MOVS03,INTEG_384,NOT NULL,
MOVS03,INTEG_385,NOT NULL,
MOVS03,INTEG_386,NOT NULL,
MOVS03,INTEG_387,NOT NULL,
MOVS03,INTEG_388,NOT NULL,
MOVS03,INTEG_389,NOT NULL,
MOVS03,PK_MOVS03,PRIMARY KEY,PK_MOVS03
MOVS04,INTEG_397,NOT NULL,
MOVS04,INTEG_398,NOT NULL,
MOVS04,INTEG_399,NOT NULL,
MOVS04,INTEG_400,NOT NULL,
MOVS04,INTEG_401,NOT NULL,
MOVS04,INTEG_402,NOT NULL,
MOVS04,INTEG_403,NOT NULL,
MOVS04,INTEG_404,NOT NULL,
MOVS04,INTEG_405,NOT NULL,
MOVS04,PK_MOVS04,PRIMARY KEY,PK_MOVS04
MOVS05,INTEG_413,NOT NULL,
MOVS05,INTEG_414,NOT NULL,
MOVS05,INTEG_415,NOT NULL,
MOVS05,INTEG_416,NOT NULL,
MOVS05,INTEG_417,NOT NULL,
MOVS05,INTEG_418,NOT NULL,
MOVS05,INTEG_419,NOT NULL,
MOVS05,INTEG_420,NOT NULL,
MOVS05,INTEG_421,NOT NULL,
MOVS05,PK_MOVS05,PRIMARY KEY,PK_MOVS05
MOVS06,INTEG_429,NOT NULL,
MOVS06,INTEG_430,NOT NULL,
MOVS06,INTEG_431,NOT NULL,
MOVS06,INTEG_432,NOT NULL,
MOVS06,INTEG_433,NOT NULL,
MOVS06,INTEG_434,NOT NULL,
MOVS06,INTEG_435,NOT NULL,
MOVS06,INTEG_436,NOT NULL,
MOVS06,INTEG_437,NOT NULL,
MOVS06,PK_MOVS06,PRIMARY KEY,PK_MOVS06
MOVS07,INTEG_445,NOT NULL,
MOVS07,INTEG_446,NOT NULL,
MOVS07,INTEG_447,NOT NULL,
MOVS07,INTEG_448,NOT NULL,
MOVS07,INTEG_449,NOT NULL,
MOVS07,INTEG_450,NOT NULL,
MOVS07,INTEG_451,NOT NULL,
MOVS07,INTEG_452,NOT NULL,
MOVS07,INTEG_453,NOT NULL,
MOVS07,PK_MOVS07,PRIMARY KEY,PK_MOVS07
MOVS08,INTEG_461,NOT NULL,
MOVS08,INTEG_462,NOT NULL,
MOVS08,INTEG_463,NOT NULL,
MOVS08,INTEG_464,NOT NULL,
MOVS08,INTEG_465,NOT NULL,
MOVS08,INTEG_466,NOT NULL,
MOVS08,INTEG_467,NOT NULL,
MOVS08,INTEG_468,NOT NULL,
MOVS08,INTEG_469,NOT NULL,
MOVS08,PK_MOVS08,PRIMARY KEY,PK_MOVS08
MOVS09,INTEG_477,NOT NULL,
MOVS09,INTEG_478,NOT NULL,
MOVS09,INTEG_479,NOT NULL,
MOVS09,INTEG_480,NOT NULL,
MOVS09,INTEG_481,NOT NULL,
MOVS09,INTEG_482,NOT NULL,
MOVS09,INTEG_483,NOT NULL,
MOVS09,INTEG_484,NOT NULL,
MOVS09,INTEG_485,NOT NULL,
MOVS09,PK_MOVS09,PRIMARY KEY,PK_MOVS09
MOVS10,INTEG_493,NOT NULL,
MOVS10,INTEG_494,NOT NULL,
MOVS10,INTEG_495,NOT NULL,
MOVS10,INTEG_496,NOT NULL,
MOVS10,INTEG_497,NOT NULL,
MOVS10,INTEG_498,NOT NULL,
MOVS10,INTEG_499,NOT NULL,
MOVS10,INTEG_500,NOT NULL,
MOVS10,INTEG_501,NOT NULL,
MOVS10,PK_MOVS10,PRIMARY KEY,PK_MOVS10
MOVS11,INTEG_509,NOT NULL,
MOVS11,INTEG_510,NOT NULL,
MOVS11,INTEG_511,NOT NULL,
MOVS11,INTEG_512,NOT NULL,
MOVS11,INTEG_513,NOT NULL,
MOVS11,INTEG_514,NOT NULL,
MOVS11,INTEG_515,NOT NULL,
MOVS11,INTEG_516,NOT NULL,
MOVS11,INTEG_517,NOT NULL,
MOVS11,PK_MOVS11,PRIMARY KEY,PK_MOVS11
MOVS12,INTEG_525,NOT NULL,
MOVS12,INTEG_526,NOT NULL,
MOVS12,INTEG_527,NOT NULL,
MOVS12,INTEG_528,NOT NULL,
MOVS12,INTEG_529,NOT NULL,
MOVS12,INTEG_530,NOT NULL,
MOVS12,INTEG_531,NOT NULL,
MOVS12,INTEG_532,NOT NULL,
MOVS12,INTEG_533,NOT NULL,
MOVS12,PK_MOVS12,PRIMARY KEY,PK_MOVS12
MOVS13,INTEG_541,NOT NULL,
MOVS13,INTEG_542,NOT NULL,
MOVS13,INTEG_543,NOT NULL,
MOVS13,INTEG_544,NOT NULL,
MOVS13,INTEG_545,NOT NULL,
MOVS13,INTEG_546,NOT NULL,
MOVS13,INTEG_547,NOT NULL,
MOVS13,INTEG_548,NOT NULL,
MOVS13,INTEG_549,NOT NULL,
MOVS13,PK_MOVS13,PRIMARY KEY,PK_MOVS13
MOVS14,INTEG_557,NOT NULL,
MOVS14,INTEG_558,NOT NULL,
MOVS14,INTEG_559,NOT NULL,
MOVS14,INTEG_560,NOT NULL,
MOVS14,INTEG_561,NOT NULL,
MOVS14,INTEG_562,NOT NULL,
MOVS14,INTEG_563,NOT NULL,
MOVS14,INTEG_564,NOT NULL,
MOVS14,INTEG_565,NOT NULL,
MOVS14,PK_MOVS14,PRIMARY KEY,PK_MOVS14
MOVS15,INTEG_573,NOT NULL,
MOVS15,INTEG_574,NOT NULL,
MOVS15,INTEG_575,NOT NULL,
MOVS15,INTEG_576,NOT NULL,
MOVS15,INTEG_577,NOT NULL,
MOVS15,INTEG_578,NOT NULL,
MOVS15,INTEG_579,NOT NULL,
MOVS15,INTEG_580,NOT NULL,
MOVS15,INTEG_581,NOT NULL,
MOVS15,PK_MOVS15,PRIMARY KEY,PK_MOVS15
MOVS16,INTEG_589,NOT NULL,
MOVS16,INTEG_590,NOT NULL,
MOVS16,INTEG_591,NOT NULL,
MOVS16,INTEG_592,NOT NULL,
MOVS16,INTEG_593,NOT NULL,
MOVS16,INTEG_594,NOT NULL,
MOVS16,INTEG_595,NOT NULL,
MOVS16,INTEG_596,NOT NULL,
MOVS16,INTEG_597,NOT NULL,
MOVS16,PK_MOVS16,PRIMARY KEY,PK_MOVS16
MOVS17,INTEG_605,NOT NULL,
MOVS17,INTEG_606,NOT NULL,
MOVS17,INTEG_607,NOT NULL,
MOVS17,INTEG_608,NOT NULL,
MOVS17,INTEG_609,NOT NULL,
MOVS17,INTEG_610,NOT NULL,
MOVS17,INTEG_611,NOT NULL,
MOVS17,INTEG_612,NOT NULL,
MOVS17,INTEG_613,NOT NULL,
MOVS17,PK_MOVS17,PRIMARY KEY,PK_MOVS17
MOVS18,INTEG_621,NOT NULL,
MOVS18,INTEG_622,NOT NULL,
MOVS18,INTEG_623,NOT NULL,
MOVS18,INTEG_624,NOT NULL,
MOVS18,INTEG_625,NOT NULL,
MOVS18,INTEG_626,NOT NULL,
MOVS18,INTEG_627,NOT NULL,
MOVS18,INTEG_628,NOT NULL,
MOVS18,INTEG_629,NOT NULL,
MOVS18,PK_MOVS18,PRIMARY KEY,PK_MOVS18
MOVS19,INTEG_637,NOT NULL,
MOVS19,INTEG_638,NOT NULL,
MOVS19,INTEG_639,NOT NULL,
MOVS19,INTEG_640,NOT NULL,
MOVS19,INTEG_641,NOT NULL,
MOVS19,INTEG_642,NOT NULL,
MOVS19,INTEG_643,NOT NULL,
MOVS19,INTEG_644,NOT NULL,
MOVS19,INTEG_645,NOT NULL,
MOVS19,PK_MOVS19,PRIMARY KEY,PK_MOVS19
MOVS20,INTEG_653,NOT NULL,
MOVS20,INTEG_654,NOT NULL,
MOVS20,INTEG_655,NOT NULL,
MOVS20,INTEG_656,NOT NULL,
MOVS20,INTEG_657,NOT NULL,
MOVS20,INTEG_658,NOT NULL,
MOVS20,INTEG_659,NOT NULL,
MOVS20,INTEG_660,NOT NULL,
MOVS20,INTEG_661,NOT NULL,
MOVS20,PK_MOVS20,PRIMARY KEY,PK_MOVS20
MOVS21,INTEG_669,NOT NULL,
MOVS21,INTEG_670,NOT NULL,
MOVS21,INTEG_671,NOT NULL,
MOVS21,INTEG_672,NOT NULL,
MOVS21,INTEG_673,NOT NULL,
MOVS21,INTEG_674,NOT NULL,
MOVS21,INTEG_675,NOT NULL,
MOVS21,INTEG_676,NOT NULL,
MOVS21,INTEG_677,NOT NULL,
MOVS21,PK_MOVS21,PRIMARY KEY,PK_MOVS21
MOVS22,INTEG_685,NOT NULL,
MOVS22,INTEG_686,NOT NULL,
MOVS22,INTEG_687,NOT NULL,
MOVS22,INTEG_688,NOT NULL,
MOVS22,INTEG_689,NOT NULL,
MOVS22,INTEG_690,NOT NULL,
MOVS22,INTEG_691,NOT NULL,
MOVS22,INTEG_692,NOT NULL,
MOVS22,INTEG_693,NOT NULL,
MOVS22,PK_MOVS22,PRIMARY KEY,PK_MOVS22
MOVS23,INTEG_701,NOT NULL,
MOVS23,INTEG_702,NOT NULL,
MOVS23,INTEG_703,NOT NULL,
MOVS23,INTEG_704,NOT NULL,
MOVS23,INTEG_705,NOT NULL,
MOVS23,INTEG_706,NOT NULL,
MOVS23,INTEG_707,NOT NULL,
MOVS23,INTEG_708,NOT NULL,
MOVS23,INTEG_709,NOT NULL,
MOVS23,PK_MOVS23,PRIMARY KEY,PK_MOVS23
MOVS24,INTEG_717,NOT NULL,
MOVS24,INTEG_718,NOT NULL,
MOVS24,INTEG_719,NOT NULL,
MOVS24,INTEG_720,NOT NULL,
MOVS24,INTEG_721,NOT NULL,
MOVS24,INTEG_722,NOT NULL,
MOVS24,INTEG_723,NOT NULL,
MOVS24,INTEG_724,NOT NULL,
MOVS24,INTEG_725,NOT NULL,
MOVS24,PK_MOVS24,PRIMARY KEY,PK_MOVS24
MOVS25,INTEG_733,NOT NULL,
MOVS25,INTEG_734,NOT NULL,
MOVS25,INTEG_735,NOT NULL,
MOVS25,INTEG_736,NOT NULL,
MOVS25,INTEG_737,NOT NULL,
MOVS25,INTEG_738,NOT NULL,
MOVS25,INTEG_739,NOT NULL,
MOVS25,INTEG_740,NOT NULL,
MOVS25,INTEG_741,NOT NULL,
MOVS25,PK_MOVS25,PRIMARY KEY,PK_MOVS25
MOVS26,INTEG_749,NOT NULL,
MOVS26,INTEG_750,NOT NULL,
MOVS26,INTEG_751,NOT NULL,
MOVS26,INTEG_752,NOT NULL,
MOVS26,INTEG_753,NOT NULL,
MOVS26,INTEG_754,NOT NULL,
MOVS26,INTEG_755,NOT NULL,
MOVS26,INTEG_756,NOT NULL,
MOVS26,INTEG_757,NOT NULL,
MOVS26,PK_MOVS26,PRIMARY KEY,PK_MOVS26
MOVS27,INTEG_765,NOT NULL,
MOVS27,INTEG_766,NOT NULL,
MOVS27,INTEG_767,NOT NULL,
MOVS27,INTEG_768,NOT NULL,
MOVS27,INTEG_769,NOT NULL,
MOVS27,INTEG_770,NOT NULL,
MOVS27,INTEG_771,NOT NULL,
MOVS27,INTEG_772,NOT NULL,
MOVS27,INTEG_773,NOT NULL,
MOVS27,PK_MOVS27,PRIMARY KEY,PK_MOVS27
MOVS28,INTEG_781,NOT NULL,
MOVS28,INTEG_782,NOT NULL,
MOVS28,INTEG_783,NOT NULL,
MOVS28,INTEG_784,NOT NULL,
MOVS28,INTEG_785,NOT NULL,
MOVS28,INTEG_786,NOT NULL,
MOVS28,INTEG_787,NOT NULL,
MOVS28,INTEG_788,NOT NULL,
MOVS28,INTEG_789,NOT NULL,
MOVS28,PK_MOVS28,PRIMARY KEY,PK_MOVS28
MOVS29,INTEG_797,NOT NULL,
MOVS29,INTEG_798,NOT NULL,
MOVS29,INTEG_799,NOT NULL,
MOVS29,INTEG_800,NOT NULL,
MOVS29,INTEG_801,NOT NULL,
MOVS29,INTEG_802,NOT NULL,
MOVS29,INTEG_803,NOT NULL,
MOVS29,INTEG_804,NOT NULL,
MOVS29,INTEG_805,NOT NULL,
MOVS29,PK_MOVS29,PRIMARY KEY,PK_MOVS29
MOVS30,INTEG_813,NOT NULL,
MOVS30,INTEG_814,NOT NULL,
MOVS30,INTEG_815,NOT NULL,
MOVS30,INTEG_816,NOT NULL,
MOVS30,INTEG_817,NOT NULL,
MOVS30,INTEG_818,NOT NULL,
MOVS30,INTEG_819,NOT NULL,
MOVS30,INTEG_820,NOT NULL,
MOVS30,INTEG_821,NOT NULL,
MOVS30,PK_MOVS30,PRIMARY KEY,PK_MOVS30
MOVS31,INTEG_829,NOT NULL,
MOVS31,INTEG_830,NOT NULL,
MOVS31,INTEG_831,NOT NULL,
MOVS31,INTEG_832,NOT NULL,
MOVS31,INTEG_833,NOT NULL,
MOVS31,INTEG_834,NOT NULL,
MOVS31,INTEG_835,NOT NULL,
MOVS31,INTEG_836,NOT NULL,
MOVS31,INTEG_837,NOT NULL,
MOVS31,PK_MOVS31,PRIMARY KEY,PK_MOVS31
MOVS32,INTEG_845,NOT NULL,
MOVS32,INTEG_846,NOT NULL,
MOVS32,INTEG_847,NOT NULL,
MOVS32,INTEG_848,NOT NULL,
MOVS32,INTEG_849,NOT NULL,
MOVS32,INTEG_850,NOT NULL,
MOVS32,INTEG_851,NOT NULL,
MOVS32,INTEG_852,NOT NULL,
MOVS32,INTEG_853,NOT NULL,
MOVS32,PK_MOVS32,PRIMARY KEY,PK_MOVS32
PARAMEMP,INTEG_348,NOT NULL,
PARMOVS01,FK_PARMOVS_1,FOREIGN KEY,FK_PARMOVS_1
PARMOVS01,INTEG_358,NOT NULL,
PARMOVS01,INTEG_359,NOT NULL,
PARMOVS01,INTEG_360,NOT NULL,
PARMOVS01,INTEG_361,NOT NULL,
PARMOVS01,PK_PARMOVS01,PRIMARY KEY,PK_PARMOVS01
PARMOVS02,FK_PARMOVS_2,FOREIGN KEY,FK_PARMOVS_2
PARMOVS02,INTEG_374,NOT NULL,
PARMOVS02,INTEG_375,NOT NULL,
PARMOVS02,INTEG_376,NOT NULL,
PARMOVS02,INTEG_377,NOT NULL,
PARMOVS02,PK_PARMOVS02,PRIMARY KEY,PK_PARMOVS02
PARMOVS03,FK_PARMOVS_3,FOREIGN KEY,FK_PARMOVS_3
PARMOVS03,INTEG_390,NOT NULL,
PARMOVS03,INTEG_391,NOT NULL,
PARMOVS03,INTEG_392,NOT NULL,
PARMOVS03,INTEG_393,NOT NULL,
PARMOVS03,PK_PARMOVS03,PRIMARY KEY,PK_PARMOVS03
PARMOVS04,FK_PARMOVS_4,FOREIGN KEY,FK_PARMOVS_4
PARMOVS04,INTEG_406,NOT NULL,
PARMOVS04,INTEG_407,NOT NULL,
PARMOVS04,INTEG_408,NOT NULL,
PARMOVS04,INTEG_409,NOT NULL,
PARMOVS04,PK_PARMOVS04,PRIMARY KEY,PK_PARMOVS04
PARMOVS05,FK_PARMOVS_5,FOREIGN KEY,FK_PARMOVS_5
PARMOVS05,INTEG_422,NOT NULL,
PARMOVS05,INTEG_423,NOT NULL,
PARMOVS05,INTEG_424,NOT NULL,
PARMOVS05,INTEG_425,NOT NULL,
PARMOVS05,PK_PARMOVS05,PRIMARY KEY,PK_PARMOVS05
PARMOVS06,FK_PARMOVS_6,FOREIGN KEY,FK_PARMOVS_6
PARMOVS06,INTEG_438,NOT NULL,
PARMOVS06,INTEG_439,NOT NULL,
PARMOVS06,INTEG_440,NOT NULL,
PARMOVS06,INTEG_441,NOT NULL,
PARMOVS06,PK_PARMOVS06,PRIMARY KEY,PK_PARMOVS06
PARMOVS07,FK_PARMOVS_7,FOREIGN KEY,FK_PARMOVS_7
PARMOVS07,INTEG_454,NOT NULL,
PARMOVS07,INTEG_455,NOT NULL,
PARMOVS07,INTEG_456,NOT NULL,
PARMOVS07,INTEG_457,NOT NULL,
PARMOVS07,PK_PARMOVS07,PRIMARY KEY,PK_PARMOVS07
PARMOVS08,FK_PARMOVS_8,FOREIGN KEY,FK_PARMOVS_8
PARMOVS08,INTEG_470,NOT NULL,
PARMOVS08,INTEG_471,NOT NULL,
PARMOVS08,INTEG_472,NOT NULL,
PARMOVS08,INTEG_473,NOT NULL,
PARMOVS08,PK_PARMOVS08,PRIMARY KEY,PK_PARMOVS08
PARMOVS09,FK_PARMOVS_9,FOREIGN KEY,FK_PARMOVS_9
PARMOVS09,INTEG_486,NOT NULL,
PARMOVS09,INTEG_487,NOT NULL,
PARMOVS09,INTEG_488,NOT NULL,
PARMOVS09,INTEG_489,NOT NULL,
PARMOVS09,PK_PARMOVS09,PRIMARY KEY,PK_PARMOVS09
PARMOVS10,FK_PARMOVS_10,FOREIGN KEY,FK_PARMOVS_10
PARMOVS10,INTEG_502,NOT NULL,
PARMOVS10,INTEG_503,NOT NULL,
PARMOVS10,INTEG_504,NOT NULL,
PARMOVS10,INTEG_505,NOT NULL,
PARMOVS10,PK_PARMOVS10,PRIMARY KEY,PK_PARMOVS10
PARMOVS11,FK_PARMOVS_11,FOREIGN KEY,FK_PARMOVS_11
PARMOVS11,INTEG_518,NOT NULL,
PARMOVS11,INTEG_519,NOT NULL,
PARMOVS11,INTEG_520,NOT NULL,
PARMOVS11,INTEG_521,NOT NULL,
PARMOVS11,PK_PARMOVS11,PRIMARY KEY,PK_PARMOVS11
PARMOVS12,FK_PARMOVS_12,FOREIGN KEY,FK_PARMOVS_12
PARMOVS12,INTEG_534,NOT NULL,
PARMOVS12,INTEG_535,NOT NULL,
PARMOVS12,INTEG_536,NOT NULL,
PARMOVS12,INTEG_537,NOT NULL,
PARMOVS12,PK_PARMOVS12,PRIMARY KEY,PK_PARMOVS12
PARMOVS13,FK_PARMOVS_13,FOREIGN KEY,FK_PARMOVS_13
PARMOVS13,INTEG_550,NOT NULL,
PARMOVS13,INTEG_551,NOT NULL,
PARMOVS13,INTEG_552,NOT NULL,
PARMOVS13,INTEG_553,NOT NULL,
PARMOVS13,PK_PARMOVS13,PRIMARY KEY,PK_PARMOVS13
PARMOVS14,FK_PARMOVS_14,FOREIGN KEY,FK_PARMOVS_14
PARMOVS14,INTEG_566,NOT NULL,
PARMOVS14,INTEG_567,NOT NULL,
PARMOVS14,INTEG_568,NOT NULL,
PARMOVS14,INTEG_569,NOT NULL,
PARMOVS14,PK_PARMOVS14,PRIMARY KEY,PK_PARMOVS14
PARMOVS15,FK_PARMOVS_15,FOREIGN KEY,FK_PARMOVS_15
PARMOVS15,INTEG_582,NOT NULL,
PARMOVS15,INTEG_583,NOT NULL,
PARMOVS15,INTEG_584,NOT NULL,
PARMOVS15,INTEG_585,NOT NULL,
PARMOVS15,PK_PARMOVS15,PRIMARY KEY,PK_PARMOVS15
PARMOVS16,FK_PARMOVS_16,FOREIGN KEY,FK_PARMOVS_16
PARMOVS16,INTEG_598,NOT NULL,
PARMOVS16,INTEG_599,NOT NULL,
PARMOVS16,INTEG_600,NOT NULL,
PARMOVS16,INTEG_601,NOT NULL,
PARMOVS16,PK_PARMOVS16,PRIMARY KEY,PK_PARMOVS16
PARMOVS17,FK_PARMOVS_17,FOREIGN KEY,FK_PARMOVS_17
PARMOVS17,INTEG_614,NOT NULL,
PARMOVS17,INTEG_615,NOT NULL,
PARMOVS17,INTEG_616,NOT NULL,
PARMOVS17,INTEG_617,NOT NULL,
PARMOVS17,PK_PARMOVS17,PRIMARY KEY,PK_PARMOVS17
PARMOVS18,FK_PARMOVS_18,FOREIGN KEY,FK_PARMOVS_18
PARMOVS18,INTEG_630,NOT NULL,
PARMOVS18,INTEG_631,NOT NULL,
PARMOVS18,INTEG_632,NOT NULL,
PARMOVS18,INTEG_633,NOT NULL,
PARMOVS18,PK_PARMOVS18,PRIMARY KEY,PK_PARMOVS18
PARMOVS19,FK_PARMOVS_19,FOREIGN KEY,FK_PARMOVS_19
PARMOVS19,INTEG_646,NOT NULL,
PARMOVS19,INTEG_647,NOT NULL,
PARMOVS19,INTEG_648,NOT NULL,
PARMOVS19,INTEG_649,NOT NULL,
PARMOVS19,PK_PARMOVS19,PRIMARY KEY,PK_PARMOVS19
PARMOVS20,FK_PARMOVS_20,FOREIGN KEY,FK_PARMOVS_20
PARMOVS20,INTEG_662,NOT NULL,
PARMOVS20,INTEG_663,NOT NULL,
PARMOVS20,INTEG_664,NOT NULL,
PARMOVS20,INTEG_665,NOT NULL,
PARMOVS20,PK_PARMOVS20,PRIMARY KEY,PK_PARMOVS20
PARMOVS21,FK_PARMOVS_21,FOREIGN KEY,FK_PARMOVS_21
PARMOVS21,INTEG_678,NOT NULL,
PARMOVS21,INTEG_679,NOT NULL,
PARMOVS21,INTEG_680,NOT NULL,
PARMOVS21,INTEG_681,NOT NULL,
PARMOVS21,PK_PARMOVS21,PRIMARY KEY,PK_PARMOVS21
PARMOVS22,FK_PARMOVS_22,FOREIGN KEY,FK_PARMOVS_22
PARMOVS22,INTEG_694,NOT NULL,
PARMOVS22,INTEG_695,NOT NULL,
PARMOVS22,INTEG_696,NOT NULL,
PARMOVS22,INTEG_697,NOT NULL,
PARMOVS22,PK_PARMOVS22,PRIMARY KEY,PK_PARMOVS22
PARMOVS23,FK_PARMOVS_23,FOREIGN KEY,FK_PARMOVS_23
PARMOVS23,INTEG_710,NOT NULL,
PARMOVS23,INTEG_711,NOT NULL,
PARMOVS23,INTEG_712,NOT NULL,
PARMOVS23,INTEG_713,NOT NULL,
PARMOVS23,PK_PARMOVS23,PRIMARY KEY,PK_PARMOVS23
PARMOVS24,FK_PARMOVS_24,FOREIGN KEY,FK_PARMOVS_24
PARMOVS24,INTEG_726,NOT NULL,
PARMOVS24,INTEG_727,NOT NULL,
PARMOVS24,INTEG_728,NOT NULL,
PARMOVS24,INTEG_729,NOT NULL,
PARMOVS24,PK_PARMOVS24,PRIMARY KEY,PK_PARMOVS24
PARMOVS25,FK_PARMOVS_25,FOREIGN KEY,FK_PARMOVS_25
PARMOVS25,INTEG_742,NOT NULL,
PARMOVS25,INTEG_743,NOT NULL,
PARMOVS25,INTEG_744,NOT NULL,
PARMOVS25,INTEG_745,NOT NULL,
PARMOVS25,PK_PARMOVS25,PRIMARY KEY,PK_PARMOVS25
PARMOVS26,FK_PARMOVS_26,FOREIGN KEY,FK_PARMOVS_26
PARMOVS26,INTEG_758,NOT NULL,
PARMOVS26,INTEG_759,NOT NULL,
PARMOVS26,INTEG_760,NOT NULL,
PARMOVS26,INTEG_761,NOT NULL,
PARMOVS26,PK_PARMOVS26,PRIMARY KEY,PK_PARMOVS26
PARMOVS27,FK_PARMOVS_27,FOREIGN KEY,FK_PARMOVS_27
PARMOVS27,INTEG_774,NOT NULL,
PARMOVS27,INTEG_775,NOT NULL,
PARMOVS27,INTEG_776,NOT NULL,
PARMOVS27,INTEG_777,NOT NULL,
PARMOVS27,PK_PARMOVS27,PRIMARY KEY,PK_PARMOVS27
PARMOVS28,FK_PARMOVS_28,FOREIGN KEY,FK_PARMOVS_28
PARMOVS28,INTEG_790,NOT NULL,
PARMOVS28,INTEG_791,NOT NULL,
PARMOVS28,INTEG_792,NOT NULL,
PARMOVS28,INTEG_793,NOT NULL,
PARMOVS28,PK_PARMOVS28,PRIMARY KEY,PK_PARMOVS28
PARMOVS29,FK_PARMOVS_29,FOREIGN KEY,FK_PARMOVS_29
PARMOVS29,INTEG_806,NOT NULL,
PARMOVS29,INTEG_807,NOT NULL,
PARMOVS29,INTEG_808,NOT NULL,
PARMOVS29,INTEG_809,NOT NULL,
PARMOVS29,PK_PARMOVS29,PRIMARY KEY,PK_PARMOVS29
PARMOVS30,FK_PARMOVS_30,FOREIGN KEY,FK_PARMOVS_30
PARMOVS30,INTEG_822,NOT NULL,
PARMOVS30,INTEG_823,NOT NULL,
PARMOVS30,INTEG_824,NOT NULL,
PARMOVS30,INTEG_825,NOT NULL,
PARMOVS30,PK_PARMOVS30,PRIMARY KEY,PK_PARMOVS30
PARMOVS31,FK_PARMOVS_31,FOREIGN KEY,FK_PARMOVS_31
PARMOVS31,INTEG_838,NOT NULL,
PARMOVS31,INTEG_839,NOT NULL,
PARMOVS31,INTEG_840,NOT NULL,
PARMOVS31,INTEG_841,NOT NULL,
PARMOVS31,PK_PARMOVS31,PRIMARY KEY,PK_PARMOVS31
PARMOVS32,FK_PARMOVS_32,FOREIGN KEY,FK_PARMOVS_32
PARMOVS32,INTEG_854,NOT NULL,
PARMOVS32,INTEG_855,NOT NULL,
PARMOVS32,INTEG_856,NOT NULL,
PARMOVS32,INTEG_857,NOT NULL,
PARMOVS32,PK_PARMOVS32,PRIMARY KEY,PK_PARMOVS32
SEMAFORO,INTEG_341,NOT NULL,
UUIDTIMBRES,INTEG_317,NOT NULL,
UUIDTIMBRES,INTEG_318,NOT NULL,
UUIDTIMBRES,INTEG_319,NOT NULL,
UUIDTIMBRES,PK_UUIDTIMBRES,PRIMARY KEY,PK_UUIDTIMBRES
UUIDTIMBRES01,FK_UUIDPARMOVS_1,FOREIGN KEY,FK_UUIDPARMOVS_1
UUIDTIMBRES01,INTEG_362,NOT NULL,
UUIDTIMBRES01,INTEG_363,NOT NULL,
UUIDTIMBRES01,INTEG_364,NOT NULL,
UUIDTIMBRES01,PK_UUIDTIMBRES01,PRIMARY KEY,PK_UUIDTIMBRES01
UUIDTIMBRES02,FK_UUIDPARMOVS_2,FOREIGN KEY,FK_UUIDPARMOVS_2
UUIDTIMBRES02,INTEG_378,NOT NULL,
UUIDTIMBRES02,INTEG_379,NOT NULL,
UUIDTIMBRES02,INTEG_380,NOT NULL,
UUIDTIMBRES02,PK_UUIDTIMBRES02,PRIMARY KEY,PK_UUIDTIMBRES02
UUIDTIMBRES03,FK_UUIDPARMOVS_3,FOREIGN KEY,FK_UUIDPARMOVS_3
UUIDTIMBRES03,INTEG_394,NOT NULL,
UUIDTIMBRES03,INTEG_395,NOT NULL,
UUIDTIMBRES03,INTEG_396,NOT NULL,
UUIDTIMBRES03,PK_UUIDTIMBRES03,PRIMARY KEY,PK_UUIDTIMBRES03
UUIDTIMBRES04,FK_UUIDPARMOVS_4,FOREIGN KEY,FK_UUIDPARMOVS_4
UUIDTIMBRES04,INTEG_410,NOT NULL,
UUIDTIMBRES04,INTEG_411,NOT NULL,
UUIDTIMBRES04,INTEG_412,NOT NULL,
UUIDTIMBRES04,PK_UUIDTIMBRES04,PRIMARY KEY,PK_UUIDTIMBRES04
UUIDTIMBRES05,FK_UUIDPARMOVS_5,FOREIGN KEY,FK_UUIDPARMOVS_5
UUIDTIMBRES05,INTEG_426,NOT NULL,
UUIDTIMBRES05,INTEG_427,NOT NULL,
UUIDTIMBRES05,INTEG_428,NOT NULL,
UUIDTIMBRES05,PK_UUIDTIMBRES05,PRIMARY KEY,PK_UUIDTIMBRES05
UUIDTIMBRES06,FK_UUIDPARMOVS_6,FOREIGN KEY,FK_UUIDPARMOVS_6
UUIDTIMBRES06,INTEG_442,NOT NULL,
UUIDTIMBRES06,INTEG_443,NOT NULL,
UUIDTIMBRES06,INTEG_444,NOT NULL,
UUIDTIMBRES06,PK_UUIDTIMBRES06,PRIMARY KEY,PK_UUIDTIMBRES06
UUIDTIMBRES07,FK_UUIDPARMOVS_7,FOREIGN KEY,FK_UUIDPARMOVS_7
UUIDTIMBRES07,INTEG_458,NOT NULL,
UUIDTIMBRES07,INTEG_459,NOT NULL,
UUIDTIMBRES07,INTEG_460,NOT NULL,
UUIDTIMBRES07,PK_UUIDTIMBRES07,PRIMARY KEY,PK_UUIDTIMBRES07
UUIDTIMBRES08,FK_UUIDPARMOVS_8,FOREIGN KEY,FK_UUIDPARMOVS_8
UUIDTIMBRES08,INTEG_474,NOT NULL,
UUIDTIMBRES08,INTEG_475,NOT NULL,
UUIDTIMBRES08,INTEG_476,NOT NULL,
UUIDTIMBRES08,PK_UUIDTIMBRES08,PRIMARY KEY,PK_UUIDTIMBRES08
UUIDTIMBRES09,FK_UUIDPARMOVS_9,FOREIGN KEY,FK_UUIDPARMOVS_9
UUIDTIMBRES09,INTEG_490,NOT NULL,
UUIDTIMBRES09,INTEG_491,NOT NULL,
UUIDTIMBRES09,INTEG_492,NOT NULL,
UUIDTIMBRES09,PK_UUIDTIMBRES09,PRIMARY KEY,PK_UUIDTIMBRES09
UUIDTIMBRES10,FK_UUIDPARMOVS_10,FOREIGN KEY,FK_UUIDPARMOVS_10
UUIDTIMBRES10,INTEG_506,NOT NULL,
UUIDTIMBRES10,INTEG_507,NOT NULL,
UUIDTIMBRES10,INTEG_508,NOT NULL,
UUIDTIMBRES10,PK_UUIDTIMBRES10,PRIMARY KEY,PK_UUIDTIMBRES10
UUIDTIMBRES11,FK_UUIDPARMOVS_11,FOREIGN KEY,FK_UUIDPARMOVS_11
UUIDTIMBRES11,INTEG_522,NOT NULL,
UUIDTIMBRES11,INTEG_523,NOT NULL,
UUIDTIMBRES11,INTEG_524,NOT NULL,
UUIDTIMBRES11,PK_UUIDTIMBRES11,PRIMARY KEY,PK_UUIDTIMBRES11
UUIDTIMBRES12,FK_UUIDPARMOVS_12,FOREIGN KEY,FK_UUIDPARMOVS_12
UUIDTIMBRES12,INTEG_538,NOT NULL,
UUIDTIMBRES12,INTEG_539,NOT NULL,
UUIDTIMBRES12,INTEG_540,NOT NULL,
UUIDTIMBRES12,PK_UUIDTIMBRES12,PRIMARY KEY,PK_UUIDTIMBRES12
UUIDTIMBRES13,FK_UUIDPARMOVS_13,FOREIGN KEY,FK_UUIDPARMOVS_13
UUIDTIMBRES13,INTEG_554,NOT NULL,
UUIDTIMBRES13,INTEG_555,NOT NULL,
UUIDTIMBRES13,INTEG_556,NOT NULL,
UUIDTIMBRES13,PK_UUIDTIMBRES13,PRIMARY KEY,PK_UUIDTIMBRES13
UUIDTIMBRES14,FK_UUIDPARMOVS_14,FOREIGN KEY,FK_UUIDPARMOVS_14
UUIDTIMBRES14,INTEG_570,NOT NULL,
UUIDTIMBRES14,INTEG_571,NOT NULL,
UUIDTIMBRES14,INTEG_572,NOT NULL,
UUIDTIMBRES14,PK_UUIDTIMBRES14,PRIMARY KEY,PK_UUIDTIMBRES14
UUIDTIMBRES15,FK_UUIDPARMOVS_15,FOREIGN KEY,FK_UUIDPARMOVS_15
UUIDTIMBRES15,INTEG_586,NOT NULL,
UUIDTIMBRES15,INTEG_587,NOT NULL,
UUIDTIMBRES15,INTEG_588,NOT NULL,
UUIDTIMBRES15,PK_UUIDTIMBRES15,PRIMARY KEY,PK_UUIDTIMBRES15
UUIDTIMBRES16,FK_UUIDPARMOVS_16,FOREIGN KEY,FK_UUIDPARMOVS_16
UUIDTIMBRES16,INTEG_602,NOT NULL,
UUIDTIMBRES16,INTEG_603,NOT NULL,
UUIDTIMBRES16,INTEG_604,NOT NULL,
UUIDTIMBRES16,PK_UUIDTIMBRES16,PRIMARY KEY,PK_UUIDTIMBRES16
UUIDTIMBRES17,FK_UUIDPARMOVS_17,FOREIGN KEY,FK_UUIDPARMOVS_17
UUIDTIMBRES17,INTEG_618,NOT NULL,
UUIDTIMBRES17,INTEG_619,NOT NULL,
UUIDTIMBRES17,INTEG_620,NOT NULL,
UUIDTIMBRES17,PK_UUIDTIMBRES17,PRIMARY KEY,PK_UUIDTIMBRES17
UUIDTIMBRES18,FK_UUIDPARMOVS_18,FOREIGN KEY,FK_UUIDPARMOVS_18
UUIDTIMBRES18,INTEG_634,NOT NULL,
UUIDTIMBRES18,INTEG_635,NOT NULL,
UUIDTIMBRES18,INTEG_636,NOT NULL,
UUIDTIMBRES18,PK_UUIDTIMBRES18,PRIMARY KEY,PK_UUIDTIMBRES18
UUIDTIMBRES19,FK_UUIDPARMOVS_19,FOREIGN KEY,FK_UUIDPARMOVS_19
UUIDTIMBRES19,INTEG_650,NOT NULL,
UUIDTIMBRES19,INTEG_651,NOT NULL,
UUIDTIMBRES19,INTEG_652,NOT NULL,
UUIDTIMBRES19,PK_UUIDTIMBRES19,PRIMARY KEY,PK_UUIDTIMBRES19
UUIDTIMBRES20,FK_UUIDPARMOVS_20,FOREIGN KEY,FK_UUIDPARMOVS_20
UUIDTIMBRES20,INTEG_666,NOT NULL,
UUIDTIMBRES20,INTEG_667,NOT NULL,
UUIDTIMBRES20,INTEG_668,NOT NULL,
UUIDTIMBRES20,PK_UUIDTIMBRES20,PRIMARY KEY,PK_UUIDTIMBRES20
UUIDTIMBRES21,FK_UUIDPARMOVS_21,FOREIGN KEY,FK_UUIDPARMOVS_21
UUIDTIMBRES21,INTEG_682,NOT NULL,
UUIDTIMBRES21,INTEG_683,NOT NULL,
UUIDTIMBRES21,INTEG_684,NOT NULL,
UUIDTIMBRES21,PK_UUIDTIMBRES21,PRIMARY KEY,PK_UUIDTIMBRES21
UUIDTIMBRES22,FK_UUIDPARMOVS_22,FOREIGN KEY,FK_UUIDPARMOVS_22
UUIDTIMBRES22,INTEG_698,NOT NULL,
UUIDTIMBRES22,INTEG_699,NOT NULL,
UUIDTIMBRES22,INTEG_700,NOT NULL,
UUIDTIMBRES22,PK_UUIDTIMBRES22,PRIMARY KEY,PK_UUIDTIMBRES22
UUIDTIMBRES23,FK_UUIDPARMOVS_23,FOREIGN KEY,FK_UUIDPARMOVS_23
UUIDTIMBRES23,INTEG_714,NOT NULL,
UUIDTIMBRES23,INTEG_715,NOT NULL,
UUIDTIMBRES23,INTEG_716,NOT NULL,
UUIDTIMBRES23,PK_UUIDTIMBRES23,PRIMARY KEY,PK_UUIDTIMBRES23
UUIDTIMBRES24,FK_UUIDPARMOVS_24,FOREIGN KEY,FK_UUIDPARMOVS_24
UUIDTIMBRES24,INTEG_730,NOT NULL,
UUIDTIMBRES24,INTEG_731,NOT NULL,
UUIDTIMBRES24,INTEG_732,NOT NULL,
UUIDTIMBRES24,PK_UUIDTIMBRES24,PRIMARY KEY,PK_UUIDTIMBRES24
UUIDTIMBRES25,FK_UUIDPARMOVS_25,FOREIGN KEY,FK_UUIDPARMOVS_25
UUIDTIMBRES25,INTEG_746,NOT NULL,
UUIDTIMBRES25,INTEG_747,NOT NULL,
UUIDTIMBRES25,INTEG_748,NOT NULL,
UUIDTIMBRES25,PK_UUIDTIMBRES25,PRIMARY KEY,PK_UUIDTIMBRES25
UUIDTIMBRES26,FK_UUIDPARMOVS_26,FOREIGN KEY,FK_UUIDPARMOVS_26
UUIDTIMBRES26,INTEG_762,NOT NULL,
UUIDTIMBRES26,INTEG_763,NOT NULL,
UUIDTIMBRES26,INTEG_764,NOT NULL,
UUIDTIMBRES26,PK_UUIDTIMBRES26,PRIMARY KEY,PK_UUIDTIMBRES26
UUIDTIMBRES27,FK_UUIDPARMOVS_27,FOREIGN KEY,FK_UUIDPARMOVS_27
UUIDTIMBRES27,INTEG_778,NOT NULL,
UUIDTIMBRES27,INTEG_779,NOT NULL,
UUIDTIMBRES27,INTEG_780,NOT NULL,
UUIDTIMBRES27,PK_UUIDTIMBRES27,PRIMARY KEY,PK_UUIDTIMBRES27
UUIDTIMBRES28,FK_UUIDPARMOVS_28,FOREIGN KEY,FK_UUIDPARMOVS_28
UUIDTIMBRES28,INTEG_794,NOT NULL,
UUIDTIMBRES28,INTEG_795,NOT NULL,
UUIDTIMBRES28,INTEG_796,NOT NULL,
UUIDTIMBRES28,PK_UUIDTIMBRES28,PRIMARY KEY,PK_UUIDTIMBRES28
UUIDTIMBRES29,FK_UUIDPARMOVS_29,FOREIGN KEY,FK_UUIDPARMOVS_29
UUIDTIMBRES29,INTEG_810,NOT NULL,
UUIDTIMBRES29,INTEG_811,NOT NULL,
UUIDTIMBRES29,INTEG_812,NOT NULL,
UUIDTIMBRES29,PK_UUIDTIMBRES29,PRIMARY KEY,PK_UUIDTIMBRES29
UUIDTIMBRES30,FK_UUIDPARMOVS_30,FOREIGN KEY,FK_UUIDPARMOVS_30
UUIDTIMBRES30,INTEG_826,NOT NULL,
UUIDTIMBRES30,INTEG_827,NOT NULL,
UUIDTIMBRES30,INTEG_828,NOT NULL,
UUIDTIMBRES30,PK_UUIDTIMBRES30,PRIMARY KEY,PK_UUIDTIMBRES30
UUIDTIMBRES31,FK_UUIDPARMOVS_31,FOREIGN KEY,FK_UUIDPARMOVS_31
UUIDTIMBRES31,INTEG_842,NOT NULL,
UUIDTIMBRES31,INTEG_843,NOT NULL,
UUIDTIMBRES31,INTEG_844,NOT NULL,
UUIDTIMBRES31,PK_UUIDTIMBRES31,PRIMARY KEY,PK_UUIDTIMBRES31
UUIDTIMBRES32,FK_UUIDPARMOVS_32,FOREIGN KEY,FK_UUIDPARMOVS_32
UUIDTIMBRES32,INTEG_858,NOT NULL,
UUIDTIMBRES32,INTEG_859,NOT NULL,
UUIDTIMBRES32,INTEG_860,NOT NULL,
UUIDTIMBRES32,PK_UUIDTIMBRES32,PRIMARY KEY,PK_UUIDTIMBRES32
